,run,logJLObj,RSME
3,4.0,-9355.377721935045,0.35364730104113296
2,3.0,-9355.379685276144,0.36723240783565103
6,7.0,-9355.388556611679,0.35683673355932766
8,9.0,-9355.389074205259,0.3584747484841162
4,5.0,-9355.3897209649,0.3497721504247878
1,2.0,-9355.398521984524,0.34985681431673377
0,1.0,-9355.405782776554,0.3546570287405489
5,6.0,-9355.428997681107,0.36093826283501723
9,10.0,-9355.4300093709,0.36679590210452245
7,8.0,-9355.439319627325,0.3617320008909158
